<?xml version="1.0" encoding="UTF-8"?>

<!DOCTYPE mapper PUBLIC "-//mybatis.org//DTD Mapper 3.0//EN"
"http://mybatis.org/dtd/mybatis-3-mapper.dtd">

<mapper namespace="boardRefDao">
	<insert id="insertRef" parameterType="HashMap">
		insert BOARD_REF(NUM, BOARDNUM, WRITER, CONTENT) 
		values (BOARD_REF_SEQ.nextval, #{boardNum}, #{writer}, #{content});
		<selectKey resultType="Integer" keyProperty="NUM">
			select NVL(max(NUM),0) from BOARD_REF
		</selectKey>
	</insert>
	<update id="updateRef" parameterType="HashMap">
		update BOARD_REF  set CONTENT=#{content}, MODDATE=sysdate
		where BOARDNUM=#{boardNum}
	</update>
	<delete id="deleteRef" parameterType="Integer">
		delete from BOARD_REF where NUM=#{num}
	</delete>
	
	
	<delete id="deleteAllRef" parameterType="Integer">
		delete from BOARD_REF where BOARDNUM=#{boardNum}
	</delete>
	<select id="selectListRef" parameterType="Integer" resultType="boardRefVo">
		select * from BOARD_REF where BOARDNUM=#{boardNum} order by REFNUM, DEPTH, NUM
	</select>
</mapper>