<?xml version="1.0" encoding="UTF-8"?>

<!DOCTYPE mapper PUBLIC "-//mybatis.org//DTD Mapper 3.0//EN"
"http://mybatis.org/dtd/mybatis-3-mapper.dtd">

<mapper namespace="goodsImageVo">
	<insert id="insertGoodsImage" parameterType="goodsImageVo">
		insert into GOODS_IMAGE(NUM, GOODSCODE, SAVENAME) values(GOODS_IMAGE_SEQ.nextval, #{goodsCode}, #{saveName})
	</insert>
	
	<delete id="deleteGoodsImage" parameterType="String">
		delete from GOODS_IMAGE where GOODSCODE=#{goodsCode}
	</delete>
	
	<delete id="editGoodsImage" parameterType="String">
		delete from GOODS_IMAGE where SAVENAME=#{saveName}
	</delete>
	
	<select id="selectGoodsImageDetail" parameterType="String" resultType="String">
		select SAVENAME from GOODS_IMAGE where GOODSCODE=#{goodsCode}
	</select>
	
	<select id="selectGoodsImageList" resultType="goodsImageVo">
		select IMAGE.GOODSCODE, IMAGE.SAVENAME 
		from GOODS_IMAGE IMAGE,
			(select GOODSCODE, min(NUM) MINI from GOODS_IMAGE group by GOODSCODE) IMSI
		where IMAGE.NUM = IMSI.MINI
	</select>
		
	<select id="selectMainImage" parameterType="String" resultType="HashMap">
		select IMAGE.GOODSCODE, IMAGE.SAVENAME from GOODS_IMAGE IMAGE,
			(select GOODSCODE, min(NUM) MINI from GOODS_IMAGE group by GOODSCODE) IMSI
		where IMAGE.NUM = IMSI.MINI and IMAGE.GOODSCODE=#{goodsCode}
	</select>
</mapper>