<?xml version="1.0" encoding="UTF-8"?>

<beans xmlns="http://www.springframework.org/schema/beans"
	xmlns:context="http://www.springframework.org/schema/context"
	xmlns:mvc="http://www.springframework.org/schema/mvc"
	xmlns:xsi="http://www.w3.org/2001/XMLSchema-instance"
	xmlns:tx="http://www.springframework.org/schema/tx"
	xsi:schemaLocation="http://www.springframework.org/schema/beans
  http://www.springframework.org/schema/beans/spring-beans.xsd
  http://www.springframework.org/schema/context
  http://www.springframework.org/schema/context/spring-context-3.0.xsd
  http://www.springframework.org/schema/mvc
  http://www.springframework.org/schema/mvc/spring-mvc.xsd
  http://www.springframework.org/schema/tx
  http://www.springframework.org/schema/tx/spring-tx-4.1.xsd">

	<tx:annotation-driven
		transaction-manager="transactionManager" />

	<!-- dataSource Bean객체 -->
	<bean id="dataSource"
		class="com.mchange.v2.c3p0.ComboPooledDataSource"
		destroy-method="close">
		<property name="driverClass" value="oracle.jdbc.driver.OracleDriver" />
		<property name="jdbcUrl" value="jdbc:oracle:thin:@localhost:1521:xe" />
		<property name="user" value="projecthome" />
		<property name="password" value="1234" />
		<property name="maxPoolSize" value="100" />
		<property name="maxIdleTime" value="600" />
		<property name="idleConnectionTestPeriod" value="300" />
	</bean>

	<bean id="transactionMannager"
		class="org.springframework.jdbc.datasource.DataSourceTransactionManager">
		<property name="dataSource" ref="dataSource" />
	</bean>

	<!-- mybatis관련 빈 등록 -->
	<bean id="sqlSessionFactory"
		class="org.mybatis.spring.SqlSessionFactoryBean">
		<property name="dataSource" ref="dataSource" />
		<property name="configLocation"
			value="classpath:config/mybatis-config.xml" /><!-- mybatis동작규칙이 지정된 설정파일 
			지정 -->
		<property name="mapperLocations">
			<list>
				<value>classpath*:config/sqlmap-memberMain.xml</value>
				<value>classpath*:config/sqlmap-memberSub.xml</value>
				<value>classpath*:config/sqlmap-memberAddr.xml</value>
				<value>classpath*:config/sqlmap-memberDrop.xml</value>
				<value>classpath*:config/sqlmap-point.xml</value>
				<value>classpath*:config/sqlmap-goods.xml</value>
				<value>classpath*:config/sqlmap-goodsImage.xml</value>
				<value>classpath*:config/sqlmap-goodsSales.xml</value>
				<value>classpath*:config/sqlmap-board.xml</value>
				<value>classpath*:config/sqlmap-boardImage.xml</value>
				<value>classpath*:config/sqlmap-boardRef.xml</value>
			<!--
 				<value>classpath*:config/sqlmap-question.xml</value>
				<value>classpath*:config/sqlmap-warning.xml</value>
				-->
			</list>
		</property>
	</bean>
	<bean id="sqlSessionTemplate"
		class="org.mybatis.spring.SqlSessionTemplate"
		destroy-method="clearCache">
		<constructor-arg ref="sqlSessionFactory" />
	</bean>

</beans>