<?xml version="1.0" encoding="UTF-8"?>
<beans xmlns="http://www.springframework.org/schema/beans"
		xmlns:xsi="http://www.w3.org/2001/XMLSchema-instance"
		xsi:schemaLocation="http://www.springframework.org/schema/beans
		http://www.springframework.org/schema/beans/spring-beans.xsd">

	<bean id="mailSender"
		class="org.springframework.mail.javamail.JavaMailSenderImpl">
		<property name="host" value="smtp.gmail.com" /> <!-- smtp 서버명 -->
		<property name="port" value="587" /> <!-- 포트 번호 -->
		<property name="username" value="inside2470@gmail.com" /> <!-- id:메일 주소 들어가는 곳 -->
		<property name="password" value="naqiujezdsqzksaj" /> <!-- 비밀번호:2차 비밀번호 입력하는 곳 -->
		<property name="javaMailProperties">
			<props>
				<prop key="mail.smtp.transport.protocol">smtp</prop>
				<prop key="mail.smtp.auth">true</prop>
				<prop key="mail.smtp.starttls.enable">true</prop>
				<prop key="mail.debug">true</prop>
				<prop key="mail.smtp.ssl.trust">smtp.gmail.com</prop>
				<prop key="mail.smtp.ssl.protocols">TLSv1.2</prop>
			</props>
		</property>
	</bean>
	<bean
		class="org.springframework.web.servlet.view.InternalResourceViewResolver">
		<!-- Example: a logical view name of 'showMessage' is mapped to '/WEB-INF/jsp/showMessage.jsp' -->
		<property name="prefix" value="/WEB-INF/view/" />
		<property name="suffix" value=".jsp" />
	</bean>
</beans>