<?xml version="1.0" encoding="UTF-8"?>

<!DOCTYPE mapper PUBLIC "-//mybatis.org//DTD Mapper 3.0//EN"
"http://mybatis.org/dtd/mybatis-3-mapper.dtd">

<mapper namespace="warningDao">
	<insert id="warningInsert" parameterType="warningVo">
		insert into WARNING values(WARNING_SEQ.nextval, #{nickname}, #{boardNum}, #{warnType}, #{warnWhy}, sysdate)
	</insert>

	<select id="warningCount" parameterType="String" resultType="Integer">
		select count(*) from WARNING where NICKNAME = #{nickname}
	</select>
 
 	<delete id="warningDelete" parameterType="String">
		delete from WARNING where NICKNAME = #{nickname}
	</delete>
	
	<select id="warningSelectAll" resultType="HashMap">
		select a.NICKNAME, a.BOARDNUM, a.WARNTYPE, a.WARNWHY, a.WARNTIME, b.TITLE
			from (
				(select NICKNAME, BOARDNUM, WARNTYPE, WARNWHY, WARNTIME from WARNING) a 
					left join 
				(select NUM, TITLE from BOARD) b 
					on a.BOARDNUM = b.NUM)			
			order by a.WARNTIME desc, a.NICKNAME asc, a.WARNTYPE asc
	</select>
</mapper>
