<?xml version="1.0" encoding="UTF-8"?>

<!DOCTYPE mapper PUBLIC "-//mybatis.org//DTD Mapper 3.0//EN"
"http://mybatis.org/dtd/mybatis-3-mapper.dtd">

<mapper namespace="questionDao">
	<insert id="insertQuestion" parameterType="HashMap">
		insert into QUESTION (NUM, ASKTYPE, NICKNAME, TITLE, CONTENT)
		values (QUESTION_SEQ.nextval, #{askType}, #{nickname}, #{title}, #{content})
	</insert>
	<update id="updateQuestion" parameterType="HashMap">
		update QUESTION set ASKTYPE=#{askType}, TITLE=#{title}, CONTENT=#{content} where NUM=#{num}
	</update>
	<delete id="deleteQuestion" parameterType="Integer">
		delete from QUESTION where NUM=#{NUM}
	</delete>
	<select id="selectQuestion" parameterType="Integer" resultType="HashMap">
		select * from QUESTION where NUM=#{num}
	</select>
	<select id="selectQuestionList" resultType="HashMap">
		select TITLE, CONTENT, NUM from QUESTION where ASKTYPE!='ask' order by TITLE	
	</select>



	<update id="updateAsk" parameterType="HashMap">
		update QUESTION set ANSWER=#{answer}, ANSWERDATE=sysdate
		where NUM=#{num}
	</update>
	<select id="selectAskDetail" parameterType="Integer" resultType="questionVo">
		select * from QUESTION where NUM=#{num}
	</select>
	<select id="selectMyAsk" parameterType="String" resultType="questionVo">
		select * from QUESTION where ASKTYPE='ask' and NICKNAME=#{nickname}
	</select>
	<select id="selectAskList" resultType="questionVo">
		select * from QUESTION where ASKTYPE='ask' order by ANSWERDATE desc, NUM
	</select>
</mapper>