<?xml version="1.0" encoding="UTF-8"?>

<!DOCTYPE mapper PUBLIC "-//mybatis.org//DTD Mapper 3.0//EN"
"http://mybatis.org/dtd/mybatis-3-mapper.dtd">

<mapper namespace="goodsSalesVo">
   <insert id="insertGoodsSales" parameterType="goodsSalesVo">
      insert into GOODS_SALES(NUM, GOODSCODE, NICKNAME, PRICE, ORDERDATE, SENDSTATE) 
      values(GOODS_SALES_SEQ.nextval, #{goodsCode}, #{nickname}, #{price}, sysdate, #{sendState})
   </insert>
   
   <delete id="deleteGoodsSales" parameterType="String">
      delete GOODS_SALES where GOODSCODE=#{goodCode}
   </delete>
   
   <select id="salesCountNickname" parameterType="String" resultType="Integer">
      select count(GOODSCODE) from GOODS_SALES where NICKNAME=#{nickname}
   </select>
   
   <select id="salesOrderList" resultType="HashMap">
      select SA.NUM, SA.ORDERDATE, SA.GOODSCODE, GD.GOODSNAME, SA.PRICE, SA.NICKNAME, SA.SENDSTATE
      from GOODS_SALES SA, GOODS GD 
      where SA.GOODSCODE = GD.GOODSCODE and SA.SENDSTATE != 'END'
      order by SA.SENDSTATE desc, SA.ORDERDATE desc, SA.SENDDATE desc
   </select>
   
   <select id="nickNameOrderList" parameterType="String" resultType="HashMap">
      select SA.ORDERDATE, SA.GOODSCODE, GD.GOODSNAME, SA.PRICE, SA.NICKNAME, SA.SENDSTATE
      from GOODS_SALES SA, GOODS GD 
      where SA.GOODSCODE = GD.GOODSCODE and SA.NICKNAME=#{nickname}
      order by SA.SENDSTATE desc, SA.ORDERDATE desc
   </select>
   
   <update id="updateOrderState" parameterType="HashMap">
      update GOODS_SALES set 
      <if test='state.equals("YET")'>
         SENDSTATE=#{state}, SENDDATE=null where NUM=#{num}
      </if>
      <if test='state.equals("ING")'>
         SENDSTATE=#{state}, SENDDATE=sysdate where NUM=#{num}
      </if>
   </update>
   
   <update id="autoSendUpdate" parameterType="String">
      update GOODS_SALES set SENDSTATE='END' where GOODSCODE=#{GOODSCODE}
   </update>
   
   <select id="autoSendUPdateList" resultType="String">
      select GOODSCODE from GOODS_SALES where 
      TO_CHAR(SENDDATE + (interval '7' DAY), 'YYYYMMDD') = TO_CHAR(sysdate, 'YYYYMMDD')
   </select>
   
</mapper>