<?xml version="1.0" encoding="UTF-8"?>

<!DOCTYPE mapper PUBLIC "-//mybatis.org//DTD Mapper 3.0//EN"
"http://mybatis.org/dtd/mybatis-3-mapper.dtd">

<mapper namespace="boarddao">
	<insert id="boardInsert" parameterType="boardVo">
        insert into board (num, boardCode, title, content, writer )
        values (board_seq.nextval,#{boardCode}, #{title}, #{content}, #{writer})
    </insert>
    
    <update id="boardUpdate" parameterType="boardVo">
    	update board
    		set title = #{title},
    			content = #{content}
    		where num = #{num}
    </update>
    
    <delete id="boardDelete" parameterType="integer">
    	delete from board
    		where num = #{num}
    </delete>
    
    <delete id="boardDeleteAll" parameterType="String">
    	delete from board
    		where writer = #{writer}
    </delete>
    
    <select id="boardselectOne" parameterType="integer" resultType="boardVo">
    	select num, boardCode, writer, title, content, 
    			regdate, hit, heart from board
    		where num = #{num}
    </select>
    
    <select id="boardselectAll" parameterType="HashMap" resultType="boardVo">
    	select * from 
    		(select * from BOARD order by REGDATE desc) where BOARDCODE=#{boardCode} 
		and ROWNUM
    		<![CDATA[>=]]> #{startNum} and ROWNUM <![CDATA[<=]]> #{endNum}
    </select>
    
    <select id="boardsearchAll" parameterType="HashMap" resultType="boardVo">
    	select num, boardCode, writer, title, content, regdate, hit, heart 
    	from (select * from BOARD where boardcode=#{boardCode} and 
    		<if test="type2==null">
    		${type} like '%'||#{word}||'%' 
    		</if>
    		<if test="type2!=null">
    		(${type} like '%'||#{word}||'%' or ${type2} like '%'||#{word}||'%')
    		</if>
    		order by REGDATE desc)
   		 where ROWNUM <![CDATA[>=]]> #{startNum} and ROWNUM <![CDATA[<=]]> #{endNum};
    </select>
    
   <update id="boardupdateHit" parameterType="integer">
   	 	update BOARD set HIT = HIT + 1 where NUM = #{num}
   </update>
   
   <update id="boardupdateHeart" parameterType="integer">
		update BOARD set HEART = HEART+1 where NUM = #{num}
   </update>
    
    <select id="boardsearchNickname" parameterType="HashMap" resultType="boardVo">
    	select NUM, REGDATE, BOARDCODE, TITLE from BOARD where WRITER=#{nickname}
		<if test="str!=null">
			and title like '%'||#{str}||'%'
		</if>
		order by REGDATE desc;
    </select>
    
    <select id="boardCount" resultType="integer" parameterType="HashMap">
		select count(*) from BOARD
   		where BOARDCODE=#{boardCode} 
   		<if test="word != null">
   		and 
	   	<if test="type2==null">
	    	  ${type} like '%'||#{word}||'%'
	   </if>
	   <if test="type2!=null">
	      ( ${type} like '%'||#{word}||'%' or ${type2} like '%'||#{word}||'%' )
	   </if>
	   </if>
   
    </select>
    
</mapper>