<?xml version="1.0" encoding="UTF-8"?>

<beans xmlns="http://www.springframework.org/schema/beans"
	xmlns:context="http://www.springframework.org/schema/context"
	xmlns:mvc="http://www.springframework.org/schema/mvc"
	xmlns:tx="http://www.springframework.org/schema/tx"
	xmlns:xsi="http://www.w3.org/2001/XMLSchema-instance"
	xsi:schemaLocation="http://www.springframework.org/schema/beans
  http://www.springframework.org/schema/beans/spring-beans.xsd
  http://www.springframework.org/schema/context
  http://www.springframework.org/schema/context/spring-context-3.0.xsd
  http://www.springframework.org/schema/mvc
  http://www.springframework.org/schema/mvc/spring-mvc.xsd
  http://www.springframework.org/schema/tx
  http://www.springframework.org/schema/tx/spring-tx-3.0.xsd">

	<!-- mvc관련 -->
	<mvc:annotation-driven />
	<mvc:default-servlet-handler />
   
   	<mvc:resources mapping="/resources/**" location="/resources/" />
	
	<mvc:view-resolvers>
		<mvc:jsp prefix="/WEB-INF/views/" suffix=".jsp" />
	</mvc:view-resolvers>
	
	<mvc:interceptors>
		<mvc:interceptor>
			<mvc:mapping path="/user/**"/>
			<bean class="home.inside.common.interceptor.AuthLoginInterceptor"/>
		</mvc:interceptor>
 		<mvc:interceptor>
			<mvc:mapping path="/manager/**"/>
			<bean class="home.inside.common.interceptor.AuthManagerInterceptor"/>
		</mvc:interceptor>
	</mvc:interceptors>


	<bean id="messageSource" class="org.springframework.context.support.ResourceBundleMessageSource">
		<property name="basenames">
			<list>
				<value>message.label</value>
			</list>
		</property>
		<property name="defaultEncoding" value="UTF-8" />
	</bean>

	<!-- multipart Resolver -->
	<bean id="multipartResolver" class="org.springframework.web.multipart.commons.CommonsMultipartResolver">
		<property name="maxUploadSize" value="100000000" /><!-- 최대 업로드 
			가능 크기 -->
		<property name="defaultEncoding" value="utf-8"></property>
	</bean>

</beans>