<?xml version="1.0" encoding="UTF-8"?>

<!DOCTYPE mapper PUBLIC "-//mybatis.org//DTD Mapper 3.0//EN"
"http://mybatis.org/dtd/mybatis-3-mapper.dtd">

<mapper namespace="board">
	<insert id="boardInsert" parameterType="boardVo">
        insert into board (num, boardCode, title, content, writer )
        values (board_seq.nextval,#{boardCode}, #{title}, #{content}, #{writer})
    </insert>
    
    <update id="boardUpdate" parameterType="boardVo">
    	update board
    		set title = #{title},
    			content = #{content}
    		where num = #{num}
    </update>
    
    <delete id="boardDelete" parameterType="int">
    	delete from board
    		where num = #{num}
    </delete>
    
    <delete id="boardDeleteAll" parameterType="String">
    	delete from board
    		where nickname = #{nickname}
    </delete>
    
    <select id="boardselectOne" parameterType="int" resultType="boardVo">
    	select num, boardCode, writer, title, content, 
    			regdate, moddate, hit, heart from board
    		where num = #{num}
    </select>
    
    <select id="boardselectAll" parameterType="HashMap" resultType="List">
    	select * from 
    		(select * from BOARD order by REGDATE desc) 
    		<![CDATA[
		where BOARDCODE=#{boardCode} 
		and ROWNUM >= #{startNum} and ROWNUM <= #{endNum}
		]]>
    </select>
    
    <select id="boardsearchAll" parameterType="HashMap" resultType="List">
    		select * 
			from (select * 
			      from BOARD 
			      where BOARDCODE=#{boardCode}
			          and ${searchType} like %#{searchWord}% 
			<if test="searchType2 != null">
			          or ${searchType2} like %#{searchWord}% 
			</if>
			          order by REGDATE desc) 
			          <![CDATA[
			where ROWNUM>=#{startNum} and
			       ROWNUM<=#{endNum} ]]>;
    </select>
    <select id="boardCount" resultType="integer" parameterType="hashmap">
		select count(*) from BOARD
   		where BOARDCODE=#{boardCode} and 
   	<if test="type2==null">
    	  ${type} like '%'||#{word}||'%'
   </if>
   <if test="type2!=null">
      ( ${type} like '%'||#{word}||'%' or ${type2} like '%'||#{word}||'%' )
   </if>
    </select>
    
    <select id="boardsearchNickname" parameterType="hashmap" resultType="hashmap">
    	select NUM, REGDATE, BOARDCODE, TITLE from BOARD where WRITER=#{nickname}
		<if test="str!=null">
			and title like '%'||#{str}||'%'
		</if>
		order by REGDATE desc;
    </select>
</mapper>