<?xml version="1.0" encoding="UTF-8"?>

<!DOCTYPE mapper PUBLIC "-//mybatis.org//DTD Mapper 3.0//EN"
"http://mybatis.org/dtd/mybatis-3-mapper.dtd">

<mapper namespace="boardref">
	<insert id="boardrefInsert" parameterType="boardRefVo">
	insert into BOARD_REF(NUM, BOARDNUM, WRITER, CONTENT, DEPTH, REFNUM)
	values (BOARD_REF_SEQ.nextval, #{boardNum}, #{writer}, #{content},
	#{depth},
	<if test="depth == 0">
		BOARD_REF_SEQ.currval );
	</if>
	<if test="depth != 0">
		#{refNum});
	</if>
	<selectKey keyProperty="num" resultType="Integer">
		select NVL(max(NUM),0) from BOARD_REF
	</selectKey>
	</insert>
	
	<update id="boardrefUpdate" parameterType="boardRefVo">
		UPDATE BOARD_REF SET context = #{context} , moddate = sysdate WHERE num = #{num}
	</update>
	
	<delete id="boardrefDelete" parameterType="integer">
		delete from BOARD_REF where NUM = #{num}
	</delete>
	
	<delete id="boardrefDeleteAll" parameterType="integer">
		delete from BOARD_REF where WRITER = #{writer}
	</delete>

	<select id="boardrefSelectAll" parameterType="integer" resultType="List">
		select *
		from BOARD_REF
		where BOARDNUM = #{boardNum}
		      order by REFNUM asc DEPTH asc NUM asc
	</select>
	
</mapper>